Comparison,p_adjusted,Significance
GBM_vs_OV,0.002473493503534672,**
GBM_vs_LUAD,5.209611698045828e-58,***
GBM_vs_LUSC,1.713724440130785e-55,***
GBM_vs_PRAD,1.4275410478968127e-69,***
GBM_vs_UCEC,3.1943794300867235e-38,***
GBM_vs_BLCA,1.558137099551146e-54,***
GBM_vs_TGCT,8.28622147382005e-40,***
GBM_vs_ESCA,0.07479764086618465,ns
GBM_vs_PAAD,2.785202415137144e-47,***
GBM_vs_KIRP,2.5190323735966227e-63,***
GBM_vs_LIHC,3.4122994233434343e-15,***
GBM_vs_CESC,5.020953363453982e-60,***
GBM_vs_SARC,4.938819807944546e-39,***
GBM_vs_BRCA,1.1473470828512926e-51,***
GBM_vs_THYM,4.984265836242106e-37,***
GBM_vs_MESO,1.277277425557704e-26,***
GBM_vs_COAD,2.1651105758542084e-62,***
GBM_vs_STAD,1.7052429843727284e-09,***
GBM_vs_CHOL,1.6662453889215952e-09,***
GBM_vs_KIRC,5.5400935103120555e-67,***
GBM_vs_THCA,1.5637044208523594e-41,***
GBM_vs_HNSC,2.35721913658503e-70,***
GBM_vs_READ,4.4262535980004757e-38,***
GBM_vs_SKCM,1.726068521222575e-35,***
GBM_vs_LGG,1.9956995751147936e-62,***
GBM_vs_DLBC,5.207172070688893e-24,***
GBM_vs_KICH,2.104836481621103e-30,***
GBM_vs_UCS,4.7254632128656754e-21,***
GBM_vs_ACC,7.358990874328566e-25,***
GBM_vs_PCPG,1.665964613427095e-24,***
GBM_vs_UVM,2.4777299558938237e-35,***
OV_vs_LUAD,3.3486377643607043e-82,***
OV_vs_LUSC,1.2883382782663776e-78,***
OV_vs_PRAD,7.740521342621101e-108,***
OV_vs_UCEC,5.516317872922838e-43,***
OV_vs_BLCA,3.3207207023437816e-77,***
OV_vs_TGCT,2.227890368904557e-45,***
OV_vs_ESCA,0.9822281201041981,ns
OV_vs_PAAD,1.0877185632108017e-58,***
OV_vs_KIRP,5.589476624309337e-93,***
OV_vs_LIHC,3.779332248493671e-10,***
OV_vs_CESC,1.7727348928015256e-86,***
OV_vs_SARC,8.73398975025845e-46,***
OV_vs_BRCA,6.157939056910473e-70,***
OV_vs_THYM,8.218334564919007e-42,***
OV_vs_MESO,2.2540179733568965e-25,***
OV_vs_COAD,5.319664081707862e-93,***
OV_vs_STAD,2.5159451221934635e-06,***
OV_vs_CHOL,4.2933777756083697e-07,***
OV_vs_KIRC,1.4272946859044141e-98,***
OV_vs_THCA,2.1161860746834348e-48,***
OV_vs_HNSC,8.401321200368634e-112,***
OV_vs_READ,1.9863395849209584e-46,***
OV_vs_SKCM,2.5466442692594476e-41,***
OV_vs_LGG,4.184717230920306e-85,***
OV_vs_DLBC,6.744190496559664e-26,***
OV_vs_KICH,1.2673764026802834e-35,***
OV_vs_UCS,6.980235114100105e-20,***
OV_vs_ACC,2.405380723295815e-26,***
OV_vs_PCPG,2.1991306338269722e-20,***
OV_vs_UVM,7.455735784253565e-43,***
LUAD_vs_LUSC,0.6020755359018992,ns
LUAD_vs_PRAD,3.1733508525762975e-07,***
LUAD_vs_UCEC,0.577696306089498,ns
LUAD_vs_BLCA,2.8515253933682154e-05,***
LUAD_vs_TGCT,0.4530913152605795,ns
LUAD_vs_ESCA,2.844446461852026e-35,***
LUAD_vs_PAAD,0.008270151837297623,**
LUAD_vs_KIRP,2.1530114404986783e-20,***
LUAD_vs_LIHC,3.3244563840630515e-50,***
LUAD_vs_CESC,1.5293749981194215e-13,***
LUAD_vs_SARC,0.00820372590205773,**
LUAD_vs_BRCA,1.9712280048493774e-20,***
LUAD_vs_THYM,0.00039768654186651944,***
LUAD_vs_MESO,0.1795282205393231,ns
LUAD_vs_COAD,8.956964403367896e-37,***
LUAD_vs_STAD,3.6231935889312884e-31,***
LUAD_vs_CHOL,0.002632447616722899,**
LUAD_vs_KIRC,0.7442948618042379,ns
LUAD_vs_THCA,1.3815991843268443e-19,***
LUAD_vs_HNSC,1.5552096885060642e-19,***
LUAD_vs_READ,1.0259677166414896e-23,***
LUAD_vs_SKCM,3.681671053632945e-07,***
LUAD_vs_LGG,1.851176185146602e-06,***
LUAD_vs_DLBC,1.0924570258678744e-09,***
LUAD_vs_KICH,3.770849549562814e-21,***
LUAD_vs_UCS,0.7580538201312993,ns
LUAD_vs_ACC,0.08662334005421338,ns
LUAD_vs_PCPG,4.3170250785920113e-19,***
LUAD_vs_UVM,9.564276066091952e-22,***
LUSC_vs_PRAD,2.155649708233977e-05,***
LUSC_vs_UCEC,0.4020373536517721,ns
LUSC_vs_BLCA,0.00026800385789663,***
LUSC_vs_TGCT,0.7376031197401898,ns
LUSC_vs_ESCA,1.406103028026254e-34,***
LUSC_vs_PAAD,0.03758951766375937,*
LUSC_vs_KIRP,6.450441599400754e-17,***
LUSC_vs_LIHC,5.93027494320129e-48,***
LUSC_vs_CESC,2.7672324789495463e-11,***
LUSC_vs_SARC,0.0028668073967414685,**
LUSC_vs_BRCA,1.0169658830113228e-20,***
LUSC_vs_THYM,0.0020141363693112063,**
LUSC_vs_MESO,0.11826667583575409,ns
LUSC_vs_COAD,5.50068863212063e-32,***
LUSC_vs_STAD,3.486229422305633e-30,***
LUSC_vs_CHOL,0.0021777819033918988,**
LUSC_vs_KIRC,0.8423906517270894,ns
LUSC_vs_THCA,1.2756908065032357e-19,***
LUSC_vs_HNSC,3.3571072639257596e-16,***
LUSC_vs_READ,1.979998715849174e-21,***
LUSC_vs_SKCM,4.955437171264982e-06,***
LUSC_vs_LGG,3.481297130069557e-07,***
LUSC_vs_DLBC,1.4196905246955918e-08,***
LUSC_vs_KICH,7.592767819170676e-19,***
LUSC_vs_UCS,0.6287699009108326,ns
LUSC_vs_ACC,0.17624025393854517,ns
LUSC_vs_PCPG,1.4724965374423332e-18,***
LUSC_vs_UVM,5.475388198010439e-19,***
PRAD_vs_UCEC,2.8833435331745834e-05,***
PRAD_vs_BLCA,0.6271456758768132,ns
PRAD_vs_TGCT,0.006096002611827637,**
PRAD_vs_ESCA,3.276636372181592e-48,***
PRAD_vs_PAAD,0.26489714520151686,ns
PRAD_vs_KIRP,7.010222034896383e-09,***
PRAD_vs_LIHC,4.97080593172824e-78,***
PRAD_vs_CESC,0.00019588928081297341,***
PRAD_vs_SARC,4.483123429697375e-12,***
PRAD_vs_BRCA,1.1271097008913094e-56,***
PRAD_vs_THYM,0.3163538533289793,ns
PRAD_vs_MESO,1.8587165456583337e-05,***
PRAD_vs_COAD,7.950409237557941e-25,***
PRAD_vs_STAD,2.3680785219156527e-47,***
PRAD_vs_CHOL,2.07891458209858e-06,***
PRAD_vs_KIRC,1.0272379534750208e-08,***
PRAD_vs_THCA,3.3422810327434806e-49,***
PRAD_vs_HNSC,1.0207516289182213e-06,***
PRAD_vs_READ,3.836909818125221e-19,***
PRAD_vs_SKCM,0.006064878809330815,**
PRAD_vs_LGG,9.578572702171875e-32,***
PRAD_vs_DLBC,6.021514065318406e-07,***
PRAD_vs_KICH,1.835358523265917e-18,***
PRAD_vs_UCS,0.0061078109225590005,**
PRAD_vs_ACC,0.6167902321705865,ns
PRAD_vs_PCPG,1.3137816875277463e-37,***
PRAD_vs_UVM,2.6252862382969478e-17,***
UCEC_vs_BLCA,0.0006644958563639921,***
UCEC_vs_TGCT,0.27209301524911134,ns
UCEC_vs_ESCA,9.425919952447737e-23,***
UCEC_vs_PAAD,0.007365066358687595,**
UCEC_vs_KIRP,2.2169773651095913e-13,***
UCEC_vs_LIHC,1.9869349100182494e-25,***
UCEC_vs_CESC,2.9756532393922937e-09,***
UCEC_vs_SARC,0.14078784749668635,ns
UCEC_vs_BRCA,1.7856681813088524e-07,***
UCEC_vs_THYM,0.0016115075776309178,**
UCEC_vs_MESO,0.4556012574632005,ns
UCEC_vs_COAD,5.639538935751572e-23,***
UCEC_vs_STAD,3.6284933918983895e-16,***
UCEC_vs_CHOL,0.011738731903408066,*
UCEC_vs_KIRC,0.34736981726164445,ns
UCEC_vs_THCA,1.2867786882371954e-08,***
UCEC_vs_HNSC,1.4820653117308033e-11,***
UCEC_vs_READ,4.203037619570461e-18,***
UCEC_vs_SKCM,4.632632613690167e-06,***
UCEC_vs_LGG,0.011633688582103369,*
UCEC_vs_DLBC,1.85712403356929e-08,***
UCEC_vs_KICH,6.273844810799237e-17,***
UCEC_vs_UCS,0.9917513661584608,ns
UCEC_vs_ACC,0.06333478697307754,ns
UCEC_vs_PCPG,3.112867340416027e-11,***
UCEC_vs_UVM,3.1983712869614406e-17,***
BLCA_vs_TGCT,0.025111771074254868,*
BLCA_vs_ESCA,1.9397897970980163e-37,***
BLCA_vs_PAAD,0.31334595581499575,ns
BLCA_vs_KIRP,0.00023341586847322048,***
BLCA_vs_LIHC,3.759717505442093e-52,***
BLCA_vs_CESC,0.015558653792423662,*
BLCA_vs_SARC,2.050728330430735e-08,***
BLCA_vs_BRCA,6.689115544143958e-31,***
BLCA_vs_THYM,0.6736391614522776,ns
BLCA_vs_MESO,0.000893372586825012,***
BLCA_vs_COAD,4.397582488642481e-13,***
BLCA_vs_STAD,8.897641891077464e-34,***
BLCA_vs_CHOL,6.13157021097184e-05,***
BLCA_vs_KIRC,8.37043239774861e-05,***
BLCA_vs_THCA,1.96046330225211e-28,***
BLCA_vs_HNSC,0.0009172465848948063,***
BLCA_vs_READ,1.9934198226559263e-11,***
BLCA_vs_SKCM,0.062334306480410245,ns
BLCA_vs_LGG,2.8572363858842596e-15,***
BLCA_vs_DLBC,0.00018893245331240449,***
BLCA_vs_KICH,4.1607826953339406e-10,***
BLCA_vs_UCS,0.0443734340623309,*
BLCA_vs_ACC,0.4259971742522295,ns
BLCA_vs_PCPG,1.5212271430755754e-23,***
BLCA_vs_UVM,3.74295376722958e-09,***
TGCT_vs_ESCA,8.644320483715178e-25,***
TGCT_vs_PAAD,0.15348788785797132,ns
TGCT_vs_KIRP,6.704076938790801e-10,***
TGCT_vs_LIHC,8.551998303206925e-29,***
TGCT_vs_CESC,2.07891458209858e-06,***
TGCT_vs_SARC,0.007389525203402358,**
TGCT_vs_BRCA,4.132612713563015e-11,***
TGCT_vs_THYM,0.015245852885784315,*
TGCT_vs_MESO,0.08839431029698053,ns
TGCT_vs_COAD,6.078705432280149e-19,***
TGCT_vs_STAD,2.8782837357680905e-18,***
TGCT_vs_CHOL,0.0014016126741688128,**
TGCT_vs_KIRC,0.5349485929643235,ns
TGCT_vs_THCA,2.557986773386909e-12,***
TGCT_vs_HNSC,6.11732904708755e-08,***
TGCT_vs_READ,1.814185169957899e-16,***
TGCT_vs_SKCM,0.00017281351583859416,***
TGCT_vs_LGG,2.0365956747271305e-05,***
TGCT_vs_DLBC,1.7025069829593764e-07,***
TGCT_vs_KICH,4.1430067847675917e-16,***
TGCT_vs_UCS,0.43897114018531563,ns
TGCT_vs_ACC,0.30526515021086886,ns
TGCT_vs_PCPG,1.2224882069735237e-14,***
TGCT_vs_UVM,9.603738770674133e-16,***
ESCA_vs_PAAD,2.5036720345203073e-31,***
ESCA_vs_KIRP,9.909562918328808e-50,***
ESCA_vs_LIHC,9.737635497134698e-05,***
ESCA_vs_CESC,3.995025973434864e-45,***
ESCA_vs_SARC,3.1007504610035386e-22,***
ESCA_vs_BRCA,1.086610404074156e-23,***
ESCA_vs_THYM,1.0240507632642695e-25,***
ESCA_vs_MESO,1.271847213412235e-14,***
ESCA_vs_COAD,4.266386939912378e-53,***
ESCA_vs_STAD,0.000604799079099007,***
ESCA_vs_CHOL,6.550754782232325e-05,***
ESCA_vs_KIRC,8.292036564790301e-40,***
ESCA_vs_THCA,1.8682279127851214e-18,***
ESCA_vs_HNSC,9.498973022119186e-53,***
ESCA_vs_READ,1.0722220471231618e-33,***
ESCA_vs_SKCM,1.135100097409093e-26,***
ESCA_vs_LGG,4.994360887121667e-31,***
ESCA_vs_DLBC,6.755820419566818e-20,***
ESCA_vs_KICH,6.757512596018078e-28,***
ESCA_vs_UCS,1.9055076335147107e-12,***
ESCA_vs_ACC,2.1210176974542548e-17,***
ESCA_vs_PCPG,1.8540245331299485e-09,***
ESCA_vs_UVM,7.812258821338284e-32,***
PAAD_vs_KIRP,1.1565247651634348e-07,***
PAAD_vs_LIHC,1.055238636546861e-40,***
PAAD_vs_CESC,0.000189717302594314,***
PAAD_vs_SARC,6.834726116837836e-06,***
PAAD_vs_BRCA,2.4211272961868492e-21,***
PAAD_vs_THYM,0.17321294419160904,ns
PAAD_vs_MESO,0.001385610222248799,**
PAAD_vs_COAD,2.5489826559978612e-17,***
PAAD_vs_STAD,3.48661788000873e-25,***
PAAD_vs_CHOL,3.5692099445599524e-05,***
PAAD_vs_KIRC,0.004659285433764627,**
PAAD_vs_THCA,8.86340439292942e-22,***
PAAD_vs_HNSC,1.123145786165935e-05,***
PAAD_vs_READ,7.704635811736382e-16,***
PAAD_vs_SKCM,0.004171020000130994,**
PAAD_vs_LGG,8.736105513431043e-13,***
PAAD_vs_DLBC,1.3722664634471324e-06,***
PAAD_vs_KICH,1.933626267202205e-15,***
PAAD_vs_UCS,0.05904650187546084,ns
PAAD_vs_ACC,0.9116881382838747,ns
PAAD_vs_PCPG,1.2918214685022257e-22,***
PAAD_vs_UVM,1.0140729972989789e-14,***
KIRP_vs_LIHC,6.587512345676105e-75,***
KIRP_vs_CESC,0.15792760423058927,ns
KIRP_vs_SARC,7.328693331685799e-24,***
KIRP_vs_BRCA,9.58166231448557e-66,***
KIRP_vs_THYM,0.021763570689682134,*
KIRP_vs_MESO,2.6582053799715376e-11,***
KIRP_vs_COAD,3.2831609749635833e-06,***
KIRP_vs_STAD,9.916051607323344e-47,***
KIRP_vs_CHOL,8.740908900404897e-10,***
KIRP_vs_KIRC,8.215388272645071e-24,***
KIRP_vs_THCA,1.1027834596731236e-59,***
KIRP_vs_HNSC,0.33903723177695244,ns
KIRP_vs_READ,2.143478473395169e-08,***
KIRP_vs_SKCM,0.5624250968051999,ns
KIRP_vs_LGG,6.685989503155403e-49,***
KIRP_vs_DLBC,0.010764770196112387,*
KIRP_vs_KICH,6.363545446565057e-09,***
KIRP_vs_UCS,1.0595916309938755e-06,***
KIRP_vs_ACC,0.000604799079099007,***
KIRP_vs_PCPG,7.210932642340032e-45,***
KIRP_vs_UVM,1.0332472983144876e-06,***
LIHC_vs_CESC,2.6316880659615773e-66,***
LIHC_vs_SARC,2.0672096641746486e-24,***
LIHC_vs_BRCA,3.4161380182456877e-29,***
LIHC_vs_THYM,4.534976087966837e-30,***
LIHC_vs_MESO,2.32647148576517e-14,***
LIHC_vs_COAD,1.2971905838838301e-79,***
LIHC_vs_STAD,0.745331529792887,ns
LIHC_vs_CHOL,0.0031116420236472157,**
LIHC_vs_KIRC,3.5633213867668126e-63,***
LIHC_vs_THCA,9.538433121735795e-19,***
LIHC_vs_HNSC,2.0142015923244182e-86,***
LIHC_vs_READ,1.6417440445693045e-41,***
LIHC_vs_SKCM,5.803721999952788e-32,***
LIHC_vs_LGG,1.4726195932994665e-46,***
LIHC_vs_DLBC,4.253013388309618e-22,***
LIHC_vs_KICH,1.5754644350568e-32,***
LIHC_vs_UCS,4.19096301256363e-12,***
LIHC_vs_ACC,3.954622930633678e-18,***
LIHC_vs_PCPG,7.937686441360505e-06,***
LIHC_vs_UVM,1.2781257927745695e-38,***
CESC_vs_SARC,1.9198121914735375e-17,***
CESC_vs_BRCA,3.900251625985531e-52,***
CESC_vs_THYM,0.18696204085239596,ns
CESC_vs_MESO,2.847802067824839e-08,***
CESC_vs_COAD,3.313998229698654e-08,***
CESC_vs_STAD,6.988972433763879e-42,***
CESC_vs_CHOL,7.354659025709301e-08,***
CESC_vs_KIRC,2.192513190799311e-15,***
CESC_vs_THCA,1.2923784439122298e-47,***
CESC_vs_HNSC,0.6020755359018992,ns
CESC_vs_READ,2.3725466243135987e-09,***
CESC_vs_SKCM,0.798870078723459,ns
CESC_vs_LGG,7.179904079031959e-36,***
CESC_vs_DLBC,0.0028409697845192153,**
CESC_vs_KICH,3.047673225464772e-09,***
CESC_vs_UCS,8.620960019945824e-05,***
CESC_vs_ACC,0.014458634628907561,*
CESC_vs_PCPG,5.682163765722809e-37,***
CESC_vs_UVM,1.1869566843092435e-07,***
SARC_vs_BRCA,3.8990666038726475e-05,***
SARC_vs_THYM,1.4160666409862697e-06,***
SARC_vs_MESO,0.7771082381837727,ns
SARC_vs_COAD,1.7277436206440756e-36,***
SARC_vs_STAD,2.6660367553481926e-15,***
SARC_vs_CHOL,0.0649588247242368,ns
SARC_vs_KIRC,0.002150734112094918,**
SARC_vs_THCA,3.4861363330829927e-06,***
SARC_vs_HNSC,2.242510456125781e-22,***
SARC_vs_READ,4.68561689288605e-25,***
SARC_vs_SKCM,7.441901672199533e-10,***
SARC_vs_LGG,0.3590444114837489,ns
SARC_vs_DLBC,1.987338559559372e-11,***
SARC_vs_KICH,2.348242535553644e-22,***
SARC_vs_UCS,0.3194467314507892,ns
SARC_vs_ACC,0.002064605088481657,**
SARC_vs_PCPG,5.853178509266509e-09,***
SARC_vs_UVM,1.3642665783600645e-23,***
BRCA_vs_THYM,5.425964052036144e-16,***
BRCA_vs_MESO,0.003270193399638993,**
BRCA_vs_COAD,1.8092269496230421e-81,***
BRCA_vs_STAD,2.584488871517324e-18,***
BRCA_vs_CHOL,0.6020755359018992,ns
BRCA_vs_KIRC,1.343238382635766e-28,***
BRCA_vs_THCA,0.1823141621416066,ns
BRCA_vs_HNSC,1.9819826417346447e-77,***
BRCA_vs_READ,2.2113592967088694e-38,***
BRCA_vs_SKCM,5.8120993607764204e-21,***
BRCA_vs_LGG,9.002383582591352e-09,***
BRCA_vs_DLBC,3.3966321631457835e-17,***
BRCA_vs_KICH,6.341756273807887e-31,***
BRCA_vs_UCS,0.001224379911647288,**
BRCA_vs_ACC,9.482499654877234e-09,***
BRCA_vs_PCPG,4.8172860443875105e-05,***
BRCA_vs_UVM,2.1385216305562704e-36,***
THYM_vs_MESO,0.000638326909169187,***
THYM_vs_COAD,2.05813394169163e-07,***
THYM_vs_STAD,3.473006861231138e-19,***
THYM_vs_CHOL,2.926012710355943e-05,***
THYM_vs_KIRC,0.0006538132750959675,***
THYM_vs_THCA,9.85229322258597e-17,***
THYM_vs_HNSC,0.07718903556950624,ns
THYM_vs_READ,7.94971120602293e-09,***
THYM_vs_SKCM,0.19428165914878262,ns
THYM_vs_LGG,5.642776268107293e-10,***
THYM_vs_DLBC,0.001183035379777386,**
THYM_vs_KICH,1.5230114781102157e-08,***
THYM_vs_UCS,0.02814078175631718,*
THYM_vs_ACC,0.28316643165999467,ns
THYM_vs_PCPG,7.7039492012686e-18,***
THYM_vs_UVM,3.776819355367932e-07,***
MESO_vs_COAD,2.3259176609772873e-17,***
MESO_vs_STAD,2.9736222455975783e-09,***
MESO_vs_CHOL,0.04652986517878917,*
MESO_vs_KIRC,0.0635887748209631,ns
MESO_vs_THCA,0.0006069070074274685,***
MESO_vs_HNSC,1.484073139321664e-09,***
MESO_vs_READ,1.1928705377535455e-15,***
MESO_vs_SKCM,4.183896695769848e-06,***
MESO_vs_LGG,0.4956052470016672,ns
MESO_vs_DLBC,2.719193834733351e-08,***
MESO_vs_KICH,7.020996643923035e-15,***
MESO_vs_UCS,0.4771432583834845,ns
MESO_vs_ACC,0.01929197789122968,*
MESO_vs_PCPG,1.5679931716602147e-06,***
MESO_vs_UVM,3.713670993047661e-15,***
COAD_vs_STAD,1.871574268939141e-51,***
COAD_vs_CHOL,1.8259140970435505e-12,***
COAD_vs_KIRC,4.5671395750963704e-41,***
COAD_vs_THCA,1.2424080613403463e-72,***
COAD_vs_HNSC,3.933642416035787e-08,***
COAD_vs_READ,0.015278754504874894,*
COAD_vs_SKCM,0.00037871529450518934,***
COAD_vs_LGG,3.6223594743557583e-65,***
COAD_vs_DLBC,0.7763338707601303,ns
COAD_vs_KICH,0.010832872286475757,*
COAD_vs_UCS,1.8444518835404523e-10,***
COAD_vs_ACC,3.4813414742946113e-09,***
COAD_vs_PCPG,9.116869826494515e-51,***
COAD_vs_UVM,0.2128466664808345,ns
STAD_vs_CHOL,0.021921337987685988,*
STAD_vs_KIRC,4.982287102949889e-38,***
STAD_vs_THCA,7.714750150192262e-12,***
STAD_vs_HNSC,1.1451789980834806e-54,***
STAD_vs_READ,7.963159248540092e-28,***
STAD_vs_SKCM,2.1991306338269722e-20,***
STAD_vs_LGG,3.0351134006782165e-27,***
STAD_vs_DLBC,8.690881673547676e-15,***
STAD_vs_KICH,8.86340439292942e-22,***
STAD_vs_UCS,5.3083112472148614e-08,***
STAD_vs_ACC,1.4945434278683286e-11,***
STAD_vs_PCPG,0.000345314671470811,***
STAD_vs_UVM,3.5452316580905694e-25,***
CHOL_vs_KIRC,0.0005995507413199783,***
CHOL_vs_THCA,0.9094019565967629,ns
CHOL_vs_HNSC,1.7228097718144594e-08,***
CHOL_vs_READ,4.703901454691867e-12,***
CHOL_vs_SKCM,1.0207516289182213e-06,***
CHOL_vs_LGG,0.0386121664280446,*
CHOL_vs_DLBC,2.5042019812686767e-08,***
CHOL_vs_KICH,2.6621312545534265e-12,***
CHOL_vs_UCS,0.027041000894184857,*
CHOL_vs_ACC,0.0009238523544328319,***
CHOL_vs_PCPG,0.2904593531974246,ns
CHOL_vs_UVM,1.5604295963007651e-12,***
KIRC_vs_THCA,2.405380723295815e-26,***
KIRC_vs_HNSC,1.3326717979860536e-21,***
KIRC_vs_READ,3.5452316580905694e-25,***
KIRC_vs_SKCM,1.7502925910351257e-07,***
KIRC_vs_LGG,1.484073139321664e-09,***
KIRC_vs_DLBC,3.2951862761454203e-10,***
KIRC_vs_KICH,1.5945698937921518e-22,***
KIRC_vs_UCS,0.4971132768647935,ns
KIRC_vs_ACC,0.060916490427584166,ns
KIRC_vs_PCPG,2.098488959940528e-25,***
KIRC_vs_UVM,2.6565270410929333e-24,***
THCA_vs_HNSC,1.2949796546975887e-64,***
THCA_vs_READ,8.43360167043243e-38,***
THCA_vs_SKCM,1.1221851037633514e-21,***
THCA_vs_LGG,1.9211816605866486e-09,***
THCA_vs_DLBC,7.834357714950445e-18,***
THCA_vs_KICH,4.0834162600896244e-31,***
THCA_vs_UCS,0.0003020964610753411,***
THCA_vs_ACC,8.014359217841867e-10,***
THCA_vs_PCPG,0.004073250459853819,**
THCA_vs_UVM,1.7550811487974516e-36,***
HNSC_vs_READ,6.196387786547116e-09,***
HNSC_vs_SKCM,0.9580474571973252,ns
HNSC_vs_LGG,3.6572105549156196e-48,***
HNSC_vs_DLBC,0.0051592342518057685,**
HNSC_vs_KICH,1.080499436150781e-08,***
HNSC_vs_UCS,2.382095748929205e-05,***
HNSC_vs_ACC,0.004355000423190048,**
HNSC_vs_PCPG,2.112675091194154e-44,***
HNSC_vs_UVM,3.8463601330819254e-07,***
READ_vs_SKCM,5.533105524225483e-06,***
READ_vs_LGG,6.989906965641948e-35,***
READ_vs_DLBC,0.202110351566273,ns
READ_vs_KICH,0.8864185033992383,ns
READ_vs_UCS,1.7045657832790463e-10,***
READ_vs_ACC,2.1800765337433515e-10,***
READ_vs_PCPG,1.653048522733334e-32,***
READ_vs_UVM,0.2912438230805712,ns
SKCM_vs_LGG,5.786485559562645e-16,***
SKCM_vs_DLBC,0.017420587578164257,*
SKCM_vs_KICH,4.3778674547969444e-06,***
SKCM_vs_UCS,0.0006088131432971585,***
SKCM_vs_ACC,0.028191173867068032,*
SKCM_vs_PCPG,8.86340439292942e-22,***
SKCM_vs_UVM,8.047982302723401e-05,***
LGG_vs_DLBC,5.100879050928016e-15,***
LGG_vs_KICH,6.800459663022204e-30,***
LGG_vs_UCS,0.1262569750285064,ns
LGG_vs_ACC,4.038287515469093e-06,***
LGG_vs_PCPG,7.464576015835495e-15,***
LGG_vs_UVM,4.3828996812601766e-35,***
DLBC_vs_KICH,0.127721791939871,ns
DLBC_vs_UCS,7.122748079966446e-06,***
DLBC_vs_ACC,5.2493584012776656e-05,***
DLBC_vs_PCPG,5.0543388421120155e-18,***
DLBC_vs_UVM,0.5510185978218011,ns
KICH_vs_UCS,1.3425592402828897e-10,***
KICH_vs_ACC,1.2795224448091468e-10,***
KICH_vs_PCPG,1.1802693738266155e-27,***
KICH_vs_UVM,0.1795282205393231,ns
UCS_vs_ACC,0.1280992586217277,ns
UCS_vs_PCPG,1.4333364035231169e-06,***
UCS_vs_UVM,1.545253442600137e-10,***
ACC_vs_PCPG,1.9181326408370462e-11,***
ACC_vs_UVM,2.748841689842274e-09,***
PCPG_vs_UVM,5.265597625940122e-32,***
